{"cameraMode":{"drawMode":0,"name":"Shaded","section":"Shading Mode"},"sceneLighting":false,"audioPlay":false,"sceneViewState":{"m_AlwaysRefresh":false,"showFog":true,"showSkybox":false,"showFlares":true,"showImageEffects":true,"showParticleSystems":true,"showVisualEffectGraphs":true,"m_FxEnabled":true},"in2DMode":false,"pivot":{"x":1.6244051456451417,"y":0.5445441007614136,"z":11.25115966796875},"rotation":{"x":-0.00555821880698204,"y":-0.6459959745407105,"z":-0.004560759291052818,"w":0.7633687257766724},"size":0.8660253882408142,"orthographic":false}